part_external_id,part_ovoko_category_id,part_photo_urls,part_price,part_manufacturer_code,part_quality,part_status,car_ovoko_model_id,car_year
3391166,252,"https://opisto-prod-pic.opisto.s3.eu-west-1.bso.st/4672/po_photo/2024/10/3391166-2fc1246a-0115-4fd7-8ea7-37266b1d6b64-photo0_o.jpeg,https://opisto-prod-pic.opisto.s3.eu-west-1.bso.st/4672/po_photo/2024/10/3391166-2fc1246a-0115-4fd7-8ea7-37266b1d6b64-photo0_m.jpeg,https://opisto-prod-pic.opisto.s3.eu-west-1.bso.st/4672/po_photo/2024/10/3391166-250ec0eb-6916-4837-95e4-398842882e5f-photo1_m.jpeg,https://opisto-prod-pic.opisto.s3.eu-west-1.bso.st/4672/po_photo/2024/10/3391166-d376710e-5f83-438e-a759-a3e60eaa7401-photo2_m.jpeg,https://opisto-prod-pic.opisto.s3.eu-west-1.bso.st/4672/po_photo/2024/10/3391166-2b74fe75-578c-4637-bb8e-754955fbd0e8-photo3_m.jpeg,https://opisto-prod-pic.opisto.s3.eu-west-1.bso.st/4672/po_photo/2024/10/3391166-9deb7fa6-23c4-4372-96b7-d29820dbeb97-photo4_m.jpeg,https://opisto-prod-opimedia.opisto.s3.eu-west-1.bso.st/2015_6/Vehicule----8288fb4308101dcabf2039b826c26817b773d1a93016b6e682a8c4351b259d0c.JPG,https://opisto-prod-opimedia.opisto.s3.eu-west-1.bso.st/2015_6/Vehicule----bfb717f71950b0c59fd36607903e3cd220172025a29502321eab10528db37299.JPG,https://opisto-prod-opimedia.opisto.s3.eu-west-1.bso.st/2015_6/Vehicule----fe01c34248a6c80199e3b4187d87011909ac941b24cd247af2d4ab44406a25a7.JPG,https://opisto-prod-opimedia.opisto.s3.eu-west-1.bso.st/2015_6/Vehicule----b958f7f72bc0a9db8d644f9eb42c0721357158ac79ec11f02409a7dc5bd157c8.JPG",70.00,NT,1,1,639,1996
3410184,252,"https://opisto-prod-opimedia.opisto.s3.eu-west-1.bso.st/Pictures/4672/2023_12/3410184-4d80dab1e4ea068d44119b4c3a45c572bc5d8cb9954a8af2fbbf1a7bf3cf1bd4.jpg,https://opisto-prod-opimedia.opisto.s3.eu-west-1.bso.st/Pictures/4672/2023_12/3410184-4d80dab1e4ea068d44119b4c3a45c572bc5d8cb9954a8af2fbbf1a7bf3cf1bd4_mtn.jpg,https://opisto-prod-opimedia.opisto.s3.eu-west-1.bso.st/Pictures/4672/2023_12/3410184-48bd7ec58927aaadbee40498d6d2b8d6689a1919a73b0bec0186cafaf3132a05_mtn.jpg,https://opisto-prod-opimedia.opisto.s3.eu-west-1.bso.st/Pictures/4672/2023_12/3410184-8a31a40e14e61e8cdcacbba99aba7c557ad2a191c4f65cebc74027368c5d64f1_mtn.jpg,https://opisto-prod-opimedia.opisto.s3.eu-west-1.bso.st/Pictures/4672/2023_12/3410184-c8dd16b5d21600156f6b86bf4b957276eedcb82a4a99fd195255afadbf9b63a5_mtn.jpg,https://opisto-prod-opimedia.opisto.s3.eu-west-1.bso.st/Pictures/4672/2023_12/3410184-cf6dab3a605845cda8187abe651fd93d6af6ec44194a82fe00108e6a484b1509_mtn.jpg,https://opisto-prod-opimedia.opisto.s3.eu-west-1.bso.st/Pictures/4672/2023_12/3410184-c8fa6daadc1023a9c078919907450bc7c69e73831fde3069f45a64bd22df15ce_mtn.jpg,https://opisto-prod-opimedia.opisto.s3.eu-west-1.bso.st/2015_6/9295aa46cf8f19e6aa407234e6abb98726c36a22c0cef31a54591a3c2de27362.jpg,https://opisto-prod-opimedia.opisto.s3.eu-west-1.bso.st/2015_6/e2da312bb5dc77ec54dd92f3bc90b42499b3a48d439d86ba132b3ca9ada3dd84.jpg,https://opisto-prod-opimedia.opisto.s3.eu-west-1.bso.st/2015_6/639f3f7dc90bd505b20583f129c056fbc7a998f8b03f481c5e6d3a0a267b8eaa.jpg",80.00,NT,1,1,214,1998
3433042,1277,"https://opisto-prod-opimedia.opisto.s3.eu-west-1.bso.st/Pictures/4672/2019_7/Piece-Autoradio-MERCEDES-CLASSE-C-COUPE-SPORT--BM-203-PHASE-1-Diesel-a6d3d5e220462989b772cfac0f2579ab03a7e4b60e53ef955493a879c7d62ef2.jpg,https://opisto-prod-opimedia.opisto.s3.eu-west-1.bso.st/Pictures/4672/2019_7/Piece-Autoradio-MERCEDES-CLASSE-C-COUPE-SPORT--BM-203-PHASE-1-Diesel-a6d3d5e220462989b772cfac0f2579ab03a7e4b60e53ef955493a879c7d62ef2.jpg,https://opisto-prod-opimedia.opisto.s3.eu-west-1.bso.st/Pictures/4672/2019_7/Piece-Autoradio-MERCEDES-CLASSE-C-COUPE-SPORT--BM-203-PHASE-1-Diesel-62fdb6437c780f0f6b37ac7a5b0aac803cc5bc8a79fc01d63228ab73aa505f14.jpg,https://opisto-prod-opimedia.opisto.s3.eu-west-1.bso.st/2015_6/429afcd0b3fe5043b5e09543a17e6b640d71b4e8dcb42a4432466e22bdc59ce2.jpg,https://opisto-prod-opimedia.opisto.s3.eu-west-1.bso.st/2015_6/19aa064133c21cd3d81e5c90ee30374bba94c78b2013b64e9c92cd5606d3d676.jpg,https://opisto-prod-opimedia.opisto.s3.eu-west-1.bso.st/2015_6/abe404196a46964369e0ed5b3ddf7a058afc7515f003b579d64a0288b219e2bc.jpg,https://opisto-prod-opimedia.opisto.s3.eu-west-1.bso.st/2015_6/e4c129c25aafaa4259edbc5b79a4b832b15c350db5280c77cbacf52c5cd6af91.jpg",50.00,NT,1,1,1583,2002
3434460,152,"https://opisto-prod-opimedia.opisto.s3.eu-west-1.bso.st/Pictures/4672/2022_12/3434460-8df2e23c21104196b515794f1095bb3e540f680bc2341ca600eccb353a883ac0.jpg,https://opisto-prod-opimedia.opisto.s3.eu-west-1.bso.st/Pictures/4672/2022_12/3434460-8df2e23c21104196b515794f1095bb3e540f680bc2341ca600eccb353a883ac0_mtn.jpg,https://opisto-prod-opimedia.opisto.s3.eu-west-1.bso.st/Pictures/4672/2022_12/3434460-0731037af2fc3be66d9dc8f23602ccf106171ef1cc737a3005e0b3aa7fe24430_mtn.jpg,https://opisto-prod-opimedia.opisto.s3.eu-west-1.bso.st/Pictures/4672/2022_12/3434460-5cf628ab0a8345bff184ae1edc9b06523e68442d4a716d90957fa2afca1151e9_mtn.jpg,https://opisto-prod-opimedia.opisto.s3.eu-west-1.bso.st/2015_6/0de00aba7224035c7b5078d6156b7d893e414bbbdc6796a907312347628455a9.jpg,https://opisto-prod-opimedia.opisto.s3.eu-west-1.bso.st/2015_6/e40c3a07de7c48062f3f0da751b14249e8d417899747757a7967e9a410e69e34.jpg,https://opisto-prod-opimedia.opisto.s3.eu-west-1.bso.st/2015_6/2b2ba039e30b6a8c5a4128d151382524f2fc8a5c939b15d15e73cdc6a5e591f1.jpg",65.00,4D0945096,1,1,315,2000
3434477,604,"https://opisto-prod-opimedia.opisto.s3.eu-west-1.bso.st/Pictures/4672/2022_12/3434477-d0f8fe15999d3309073ab06132ed98af1a830fa06dc0451d65a08a4621a44f93.jpg,https://opisto-prod-opimedia.opisto.s3.eu-west-1.bso.st/Pictures/4672/2022_12/3434477-d0f8fe15999d3309073ab06132ed98af1a830fa06dc0451d65a08a4621a44f93_mtn.jpg,https://opisto-prod-opimedia.opisto.s3.eu-west-1.bso.st/Pictures/4672/2022_12/3434477-622997bb4ec9ad5a65092ad03f6a4d35d5e9c9917f019d676806feb2ce1febec_mtn.jpg,https://opisto-prod-opimedia.opisto.s3.eu-west-1.bso.st/Pictures/4672/2022_12/3434477-16d739e436a6a7a8ad467caf0e8cf7a9db1407d95310a9b51392266b3f37b93e_mtn.jpg,https://opisto-prod-opimedia.opisto.s3.eu-west-1.bso.st/2015_6/0de00aba7224035c7b5078d6156b7d893e414bbbdc6796a907312347628455a9.jpg,https://opisto-prod-opimedia.opisto.s3.eu-west-1.bso.st/2015_6/e40c3a07de7c48062f3f0da751b14249e8d417899747757a7967e9a410e69e34.jpg,https://opisto-prod-opimedia.opisto.s3.eu-west-1.bso.st/2015_6/2b2ba039e30b6a8c5a4128d151382524f2fc8a5c939b15d15e73cdc6a5e591f1.jpg",80.00,4D1858532BJ3FZ,1,1,315,2000
3434478,604,"https://opisto-prod-opimedia.opisto.s3.eu-west-1.bso.st/Pictures/4672/2022_12/3434478-f4931ef347fe848ba8e8282de435b3ba98eb14c4501b28969defd2745c1a9efb.jpg,https://opisto-prod-opimedia.opisto.s3.eu-west-1.bso.st/Pictures/4672/2022_12/3434478-f4931ef347fe848ba8e8282de435b3ba98eb14c4501b28969defd2745c1a9efb_mtn.jpg,https://opisto-prod-opimedia.opisto.s3.eu-west-1.bso.st/Pictures/4672/2022_12/3434478-1b8fa8c070efbcff0c103a293d6812c566dd2bd58939431886b8a3072873d1dc_mtn.jpg,https://opisto-prod-opimedia.opisto.s3.eu-west-1.bso.st/Pictures/4672/2022_12/3434478-2dca5a699527468e5641d146f4b3ad364fbd62c3925a8f6fed2a0e1be5b1c254_mtn.jpg,https://opisto-prod-opimedia.opisto.s3.eu-west-1.bso.st/2015_6/0de00aba7224035c7b5078d6156b7d893e414bbbdc6796a907312347628455a9.jpg,https://opisto-prod-opimedia.opisto.s3.eu-west-1.bso.st/2015_6/e40c3a07de7c48062f3f0da751b14249e8d417899747757a7967e9a410e69e34.jpg,https://opisto-prod-opimedia.opisto.s3.eu-west-1.bso.st/2015_6/2b2ba039e30b6a8c5a4128d151382524f2fc8a5c939b15d15e73cdc6a5e591f1.jpg",80.00,4D1858531BE3FZ,1,1,315,2000
3434648,621,"https://opisto-prod-opimedia.opisto.s3.eu-west-1.bso.st/Pictures/4672/2020_12/Piece-Leve-vitre-electrique-arriere-droit-4D0839462A-AUDI-A8-1-PHASE-2-Diesel-bf48a0a0ca627607c2387469d522a70a0f0e2059341e5e488589d904d77e7fb9.jpg,https://opisto-prod-opimedia.opisto.s3.eu-west-1.bso.st/Pictures/4672/2020_12/Piece-Leve-vitre-electrique-arriere-droit-4D0839462A-AUDI-A8-1-PHASE-2-Diesel-bf48a0a0ca627607c2387469d522a70a0f0e2059341e5e488589d904d77e7fb9_mtn.jpg,https://opisto-prod-opimedia.opisto.s3.eu-west-1.bso.st/2015_6/0de00aba7224035c7b5078d6156b7d893e414bbbdc6796a907312347628455a9.jpg,https://opisto-prod-opimedia.opisto.s3.eu-west-1.bso.st/2015_6/e40c3a07de7c48062f3f0da751b14249e8d417899747757a7967e9a410e69e34.jpg,https://opisto-prod-opimedia.opisto.s3.eu-west-1.bso.st/2015_6/2b2ba039e30b6a8c5a4128d151382524f2fc8a5c939b15d15e73cdc6a5e591f1.jpg",45.00,4D0839462A,1,1,315,2000
3434650,601,"https://opisto-prod-opimedia.opisto.s3.eu-west-1.bso.st/Pictures/4672/2020_12/Piece-Leve-vitre-electrique-avant-droit-AUDI-A8-1-PHASE-2-Diesel-9b2d46cfe7711be5a89174ca3a1cd7ff381956308b158769cc8b741b54c061cd.jpg,https://opisto-prod-opimedia.opisto.s3.eu-west-1.bso.st/Pictures/4672/2020_12/Piece-Leve-vitre-electrique-avant-droit-AUDI-A8-1-PHASE-2-Diesel-9b2d46cfe7711be5a89174ca3a1cd7ff381956308b158769cc8b741b54c061cd_mtn.jpg,https://opisto-prod-opimedia.opisto.s3.eu-west-1.bso.st/2015_6/0de00aba7224035c7b5078d6156b7d893e414bbbdc6796a907312347628455a9.jpg,https://opisto-prod-opimedia.opisto.s3.eu-west-1.bso.st/2015_6/e40c3a07de7c48062f3f0da751b14249e8d417899747757a7967e9a410e69e34.jpg,https://opisto-prod-opimedia.opisto.s3.eu-west-1.bso.st/2015_6/2b2ba039e30b6a8c5a4128d151382524f2fc8a5c939b15d15e73cdc6a5e591f1.jpg",45.00,4D0837462A,1,1,315,2000
3434760,252,"https://opisto-prod-opimedia.opisto.s3.eu-west-1.bso.st/Pictures/4672/2024_1/3434760-98a3462c4e3ff52e433d4140895e497d07017a1c6c8411b642ad786ee3eb20fc.jpg,https://opisto-prod-opimedia.opisto.s3.eu-west-1.bso.st/Pictures/4672/2024_1/3434760-98a3462c4e3ff52e433d4140895e497d07017a1c6c8411b642ad786ee3eb20fc_mtn.jpg,https://opisto-prod-opimedia.opisto.s3.eu-west-1.bso.st/Pictures/4672/2024_1/3434760-75d4a05e6c7b8b6e6e208d411133eac44d664cdc370a417b792fe107bb43af24_mtn.jpg,https://opisto-prod-opimedia.opisto.s3.eu-west-1.bso.st/Pictures/4672/2024_1/3434760-a868620f577d5c960ccc74cd063093c76be01016787d806c4a3345dfd456a4a6_mtn.jpg,https://opisto-prod-opimedia.opisto.s3.eu-west-1.bso.st/Pictures/4672/2024_1/3434760-6d64ac8bf688f20defedb7a990c9c06527a045f343bc9b71a0391b07d157a7e8_mtn.jpg,https://opisto-prod-opimedia.opisto.s3.eu-west-1.bso.st/Pictures/4672/2024_1/3434760-746f263b7c005d89767d4d1bebd9577c116492a27211aaa478039e402cbffda1_mtn.jpg,https://opisto-prod-opimedia.opisto.s3.eu-west-1.bso.st/Pictures/4672/2024_1/3434760-d5ee0e8f3bf5a9cf5e5ff1c0cf20c781f96afff6feba8052415e61b3549ae8ba_mtn.jpg,https://opisto-prod-opimedia.opisto.s3.eu-west-1.bso.st/Pictures/4672/2024_1/3434760-e4f14d9ef8d9745a8f19f087aed73d9cf4cb0410a78984edd0379f2df26472f1_mtn.jpg,https://opisto-prod-opimedia.opisto.s3.eu-west-1.bso.st/2015_6/0de00aba7224035c7b5078d6156b7d893e414bbbdc6796a907312347628455a9.jpg,https://opisto-prod-opimedia.opisto.s3.eu-west-1.bso.st/2015_6/e40c3a07de7c48062f3f0da751b14249e8d417899747757a7967e9a410e69e34.jpg,https://opisto-prod-opimedia.opisto.s3.eu-west-1.bso.st/2015_6/2b2ba039e30b6a8c5a4128d151382524f2fc8a5c939b15d15e73cdc6a5e591f1.jpg",80.00,038903018GV,1,1,315,2000
3443852,152,"https://opisto-prod-opimedia.opisto.s3.eu-west-1.bso.st/Pictures/4672/2022_12/3443852-292eab32b0f5e6cc46821d09fd1d51180594d44eeb74a858e5c94374f249ffe7.jpg,https://opisto-prod-opimedia.opisto.s3.eu-west-1.bso.st/Pictures/4672/2022_12/3443852-292eab32b0f5e6cc46821d09fd1d51180594d44eeb74a858e5c94374f249ffe7_mtn.jpg,https://opisto-prod-opimedia.opisto.s3.eu-west-1.bso.st/Pictures/4672/2022_12/3443852-db2c60e3fd727660216ee0443db37f05e403cdce3b9e0d3bc4c19157b01cd63e_mtn.jpg,https://opisto-prod-opimedia.opisto.s3.eu-west-1.bso.st/Pictures/4672/2022_12/3443852-ca93e35cab0f6c7d40bcc2ef4706503a66ecadb802ce11aba3456551fe9250aa_mtn.jpg,https://opisto-prod-opimedia.opisto.s3.eu-west-1.bso.st/2015_6/3752ff56cc8ec389c89cc8df069ba272524582d8ab54e73f338c812f7f4fea37.jpg,https://opisto-prod-opimedia.opisto.s3.eu-west-1.bso.st/2015_6/c7bb6497e67ca44b5f51c8be406494784fc109300f9a9506db2490148d80856e.jpg,https://opisto-prod-opimedia.opisto.s3.eu-west-1.bso.st/2015_6/b4478c4ccac8035ff7e4231ac7a056102c5957911bea7026227fa4c9b476ec8e.jpg",30.00,9240125220,1,1,756,2002
3463142,184,"https://opisto-prod-opimedia.opisto.s3.eu-west-1.bso.st/Pictures/4672/2022_7/Piece-Optique-avant-secondaire-droit-(feux)(clignotant)-7701040713-RENAULT-MEGANE-1-PHASE-1-Diesel-657e54baca5d2cfe53003fa93f7ac39007240c02ec4d8a3cf66959681c129b9d.jpg,https://opisto-prod-opimedia.opisto.s3.eu-west-1.bso.st/Pictures/4672/2022_7/Piece-Optique-avant-secondaire-droit-(feux)(clignotant)-7701040713-RENAULT-MEGANE-1-PHASE-1-Diesel-657e54baca5d2cfe53003fa93f7ac39007240c02ec4d8a3cf66959681c129b9d_mtn.jpg,https://opisto-prod-opimedia.opisto.s3.eu-west-1.bso.st/Pictures/4672/2022_7/Piece-Optique-avant-secondaire-droit-(feux)(clignotant)-7701040713-RENAULT-MEGANE-1-PHASE-1-Diesel-adf7dcfbddc95ddaba7f6e8ea6eed9ffb78c9837ea8a6d6accb74266a8900959_mtn.jpg,https://opisto-prod-opimedia.opisto.s3.eu-west-1.bso.st/Pictures/4672/2022_7/Piece-Optique-avant-secondaire-droit-(feux)(clignotant)-7701040713-RENAULT-MEGANE-1-PHASE-1-Diesel-079685ad2e406a3ff4dfbee68ba2891e420c458f35bbd0849d079023a92c5b9d_mtn.jpg,https://opisto-prod-opimedia.opisto.s3.eu-west-1.bso.st/Pictures/4672/2022_7/Piece-Optique-avant-secondaire-droit-(feux)(clignotant)-7701040713-RENAULT-MEGANE-1-PHASE-1-Diesel-4d75cae3cbefebeda485faa6e67c0d1f0fc48518310ebc956c58ca4ab25dd91b_mtn.jpg,https://opisto-prod-opimedia.opisto.s3.eu-west-1.bso.st/2015_6/Vehicule-RENAULT-MEGANE-I--1-9-1998-4df3aba5666bd4008ff7a77a4ff955ee24e0f94613d62705e907eb7ca25c6730.JPG,https://opisto-prod-opimedia.opisto.s3.eu-west-1.bso.st/2015_6/Vehicule-RENAULT-MEGANE-I--1-9-1998-52018f52405258ed21fb86ddf859c8cb809b8d544e67dee15bff55a47f6504b2.JPG,https://opisto-prod-opimedia.opisto.s3.eu-west-1.bso.st/2015_6/Vehicule-RENAULT-MEGANE-I--1-9-1998-adc72bb681c0a969e44d3db41aa01c7c6143063366f4725734a26f20607af1a9.JPG",30.00,7701040713,1,1,31,1998
3478137,136,"https://opisto-prod-opimedia.opisto.s3.eu-west-1.bso.st/Pictures/4672/2022_12/Piece-3478137-Optique-avant-principal-gauche-1076561-FORD-ESCORT-5-Essence-9441bf532c499befd3774959a3dc23cd210453749bf6e08de8d4df31d3ea7a25.jpg,https://opisto-prod-opimedia.opisto.s3.eu-west-1.bso.st/Pictures/4672/2022_12/Piece-3478137-Optique-avant-principal-gauche-1076561-FORD-ESCORT-5-Essence-9441bf532c499befd3774959a3dc23cd210453749bf6e08de8d4df31d3ea7a25_mtn.jpg,https://opisto-prod-opimedia.opisto.s3.eu-west-1.bso.st/Pictures/4672/2022_12/Piece-3478137-Optique-avant-principal-gauche-1076561-FORD-ESCORT-5-Essence-c769286fba8d7acb7c0760f957316eee1925c13760ac898c05c45f00fb64d7b2_mtn.jpg,https://opisto-prod-opimedia.opisto.s3.eu-west-1.bso.st/Pictures/4672/2022_12/Piece-3478137-Optique-avant-principal-gauche-1076561-FORD-ESCORT-5-Essence-d5ff0927e08d2dcd2d0bd73adc9334f6e950ed0455555cbf066bb35f936299be_mtn.jpg,https://opisto-prod-opimedia.opisto.s3.eu-west-1.bso.st/2015_6/Vehicule-FORD-ESCORT-1995--1-6-1997-0c8bcee59712b2c5ac46d2972e14505907062d22825fc75e15ffd90385a4cc9d.JPG,https://opisto-prod-opimedia.opisto.s3.eu-west-1.bso.st/2015_6/Vehicule-FORD-ESCORT-1995--1-6-1997-96a38b4ee6ad7f9500622a0097d4e8bd390ebf97b0ab78840ccf96f7566d7d84.JPG,https://opisto-prod-opimedia.opisto.s3.eu-west-1.bso.st/2015_6/Vehicule-FORD-ESCORT-1995--1-6-1997-c8867a24f2a432ceca98c3d7a487f6dbbde1b8207ee2b3edf4d5d65f55e9fa34.JPG,https://opisto-prod-opimedia.opisto.s3.eu-west-1.bso.st/2015_6/Vehicule-FORD-ESCORT-1995--1-6-1997-019945ed8a408f1cbd53b452de5923ccd3f4aeb05118b9c93d6b9d9f10377f0e.JPG",30.00,1076561,1,1,1406,1997
3478223,259,"https://opisto-prod-opimedia.opisto.s3.eu-west-1.bso.st/Pictures/4672/2024_1/3478223-44cefa9113fd505ae6a61256297ca611cb9665183925e1513358f7e0ddeff98b.jpg,https://opisto-prod-opimedia.opisto.s3.eu-west-1.bso.st/Pictures/4672/2024_1/3478223-44cefa9113fd505ae6a61256297ca611cb9665183925e1513358f7e0ddeff98b_mtn.jpg,https://opisto-prod-opimedia.opisto.s3.eu-west-1.bso.st/Pictures/4672/2024_1/3478223-55e1e53d9189087dc6aa6d65a53eb0e562c8289f848f5cc875d3c4a37909b5fc_mtn.jpg,https://opisto-prod-opimedia.opisto.s3.eu-west-1.bso.st/Pictures/4672/2024_1/3478223-59c6818b00615cb9ababe427010d0fbdf2ddb1709866d360c625c66f6d5768f8_mtn.jpg,https://opisto-prod-opimedia.opisto.s3.eu-west-1.bso.st/Pictures/4672/2024_1/3478223-9e94321dd3030af34c5432a80e4915c209f0dcbd68f8d57dce2ef11edc462629_mtn.jpg,https://opisto-prod-opimedia.opisto.s3.eu-west-1.bso.st/Pictures/4672/2024_1/3478223-e3e8a71018682bca3a6d58ceba8e7d43d430ff908303b0c84a7f6ac891c31312_mtn.jpg,https://opisto-prod-opimedia.opisto.s3.eu-west-1.bso.st/2015_6/Vehicule-FORD-ESCORT-1995--1-6-1997-0c8bcee59712b2c5ac46d2972e14505907062d22825fc75e15ffd90385a4cc9d.JPG,https://opisto-prod-opimedia.opisto.s3.eu-west-1.bso.st/2015_6/Vehicule-FORD-ESCORT-1995--1-6-1997-96a38b4ee6ad7f9500622a0097d4e8bd390ebf97b0ab78840ccf96f7566d7d84.JPG,https://opisto-prod-opimedia.opisto.s3.eu-west-1.bso.st/2015_6/Vehicule-FORD-ESCORT-1995--1-6-1997-c8867a24f2a432ceca98c3d7a487f6dbbde1b8207ee2b3edf4d5d65f55e9fa34.JPG,https://opisto-prod-opimedia.opisto.s3.eu-west-1.bso.st/2015_6/Vehicule-FORD-ESCORT-1995--1-6-1997-019945ed8a408f1cbd53b452de5923ccd3f4aeb05118b9c93d6b9d9f10377f0e.JPG",60.00,1416221,1,1,1406,1997
3500658,1214,"https://opisto-prod-opimedia.opisto.s3.eu-west-1.bso.st/Pictures/4672/2023_10/3500658-e8982e1debadc35856ec9823b8ede7fe8032dc364fb06564401bbbf2c5261230.jpg,https://opisto-prod-opimedia.opisto.s3.eu-west-1.bso.st/Pictures/4672/2023_10/3500658-e8982e1debadc35856ec9823b8ede7fe8032dc364fb06564401bbbf2c5261230_mtn.jpg,https://opisto-prod-opimedia.opisto.s3.eu-west-1.bso.st/Pictures/4672/2023_10/3500658-bdacb9f50c22661efc1a6679e40d0efcc6ca4d71a3b1b81e41d09ce7e72112ca_mtn.jpg,https://opisto-prod-opimedia.opisto.s3.eu-west-1.bso.st/Pictures/4672/2023_10/3500658-d854419c0fb4b5e492948b722fe801521d02686d2f6a76aa5aaa2719b9f7105b_mtn.jpg,https://opisto-prod-opimedia.opisto.s3.eu-west-1.bso.st/Pictures/4672/2023_10/3500658-5389e386d2ed2fd8762933045add8734bb6b91ac2a845715808e04e80ca13415_mtn.jpg,https://opisto-prod-opimedia.opisto.s3.eu-west-1.bso.st/Pictures/4672/2023_10/3500658-deaa36ff7dfbebd1ee2752bf2fac7233b54ada9adea0ce6f20ff922ca8b9077e_mtn.jpg,https://opisto-prod-opimedia.opisto.s3.eu-west-1.bso.st/2015_6/ac26f418245fca48aaf3b4be0f70019bea6648b46aaeb0e9fa8dc9cd79726229.jpg,https://opisto-prod-opimedia.opisto.s3.eu-west-1.bso.st/2015_6/0d665ce5f4f8a8de91657f461acf538a9acaa3ad258f16e65d3eaaa8647fbf41.jpg,https://opisto-prod-opimedia.opisto.s3.eu-west-1.bso.st/2015_6/e31d057bc139ac8b65042df172f06de620750ce3fe64c4723c375410294e54b7.jpg,https://opisto-prod-opimedia.opisto.s3.eu-west-1.bso.st/2015_6/e061017589807ecc333af0cc6d39ecceff2fcf0453e0a463982efd04df180faa.jpg",20.00,7804E8,1,1,520,1997
3500660,152,"https://opisto-prod-opimedia.opisto.s3.eu-west-1.bso.st/Pictures/4672/2022_12/3500660-76146ab09622416e5f3461c1463933e45fc1dc7978573cd9cdce540965d694e3.jpg,https://opisto-prod-opimedia.opisto.s3.eu-west-1.bso.st/Pictures/4672/2022_12/3500660-76146ab09622416e5f3461c1463933e45fc1dc7978573cd9cdce540965d694e3_mtn.jpg,https://opisto-prod-opimedia.opisto.s3.eu-west-1.bso.st/Pictures/4672/2022_12/3500660-fa85d822d686389508a514d6f4811b4f00d8840a926506f4530618945b7d95fe_mtn.jpg,https://opisto-prod-opimedia.opisto.s3.eu-west-1.bso.st/Pictures/4672/2022_12/3500660-39e332127ab7009c4596eec21f2cb4b4c03a9cc6656a0ecbb36ded2a41bff4f4_mtn.jpg,https://opisto-prod-opimedia.opisto.s3.eu-west-1.bso.st/2015_6/ac26f418245fca48aaf3b4be0f70019bea6648b46aaeb0e9fa8dc9cd79726229.jpg,https://opisto-prod-opimedia.opisto.s3.eu-west-1.bso.st/2015_6/0d665ce5f4f8a8de91657f461acf538a9acaa3ad258f16e65d3eaaa8647fbf41.jpg,https://opisto-prod-opimedia.opisto.s3.eu-west-1.bso.st/2015_6/e31d057bc139ac8b65042df172f06de620750ce3fe64c4723c375410294e54b7.jpg,https://opisto-prod-opimedia.opisto.s3.eu-west-1.bso.st/2015_6/e061017589807ecc333af0cc6d39ecceff2fcf0453e0a463982efd04df180faa.jpg",35.00,95668016,1,1,520,1997
3500665,136,"https://opisto-prod-opimedia.opisto.s3.eu-west-1.bso.st/Pictures/4672/2022_7/Piece-Optique-avant-principal-gauche-(feux)(phare)-95667947-CITROEN-XANTIA-PHASE-1-Diesel-9c18ae7f0d29016bcc4f55668da845adf913b3ee444aec83330af5cc4dfc96df.jpg,https://opisto-prod-opimedia.opisto.s3.eu-west-1.bso.st/Pictures/4672/2022_7/Piece-Optique-avant-principal-gauche-(feux)(phare)-95667947-CITROEN-XANTIA-PHASE-1-Diesel-9c18ae7f0d29016bcc4f55668da845adf913b3ee444aec83330af5cc4dfc96df_mtn.jpg,https://opisto-prod-opimedia.opisto.s3.eu-west-1.bso.st/Pictures/4672/2022_7/Piece-Optique-avant-principal-gauche-(feux)(phare)-95667947-CITROEN-XANTIA-PHASE-1-Diesel-5f2d5ccc93535a503a87f3bc129111804943683a482f2ad2565c4d23f337f0c8_mtn.jpg,https://opisto-prod-opimedia.opisto.s3.eu-west-1.bso.st/Pictures/4672/2022_7/Piece-Optique-avant-principal-gauche-(feux)(phare)-95667947-CITROEN-XANTIA-PHASE-1-Diesel-dd8533d9bc19e4176411aaf1b687c3bc9897ced5e741b2b05861e472fccf19d5_mtn.jpg,https://opisto-prod-opimedia.opisto.s3.eu-west-1.bso.st/2015_6/ac26f418245fca48aaf3b4be0f70019bea6648b46aaeb0e9fa8dc9cd79726229.jpg,https://opisto-prod-opimedia.opisto.s3.eu-west-1.bso.st/2015_6/0d665ce5f4f8a8de91657f461acf538a9acaa3ad258f16e65d3eaaa8647fbf41.jpg,https://opisto-prod-opimedia.opisto.s3.eu-west-1.bso.st/2015_6/e31d057bc139ac8b65042df172f06de620750ce3fe64c4723c375410294e54b7.jpg,https://opisto-prod-opimedia.opisto.s3.eu-west-1.bso.st/2015_6/e061017589807ecc333af0cc6d39ecceff2fcf0453e0a463982efd04df180faa.jpg",30.00,95667947,1,1,520,1997
3500719,601,"https://opisto-prod-opimedia.opisto.s3.eu-west-1.bso.st/Pictures/4672/2023_3/3500719-91de0116497e1cc1abe2768603dccce9d775b91f106670d6e5221004e24c432c.jpg,https://opisto-prod-opimedia.opisto.s3.eu-west-1.bso.st/Pictures/4672/2023_3/3500719-91de0116497e1cc1abe2768603dccce9d775b91f106670d6e5221004e24c432c_mtn.jpg,https://opisto-prod-opimedia.opisto.s3.eu-west-1.bso.st/Pictures/4672/2023_3/3500719-2c1d0b5f8312837ac2965f2ced4088327f6e52f84318c59a40e849b88fa63a4e_mtn.jpg,https://opisto-prod-opimedia.opisto.s3.eu-west-1.bso.st/Pictures/4672/2023_3/3500719-e75aa5c7e5e9b4ff91d34299826de23c3bd3608c32c1ea219bfd03dbba104250_mtn.jpg,https://opisto-prod-opimedia.opisto.s3.eu-west-1.bso.st/2015_6/ac26f418245fca48aaf3b4be0f70019bea6648b46aaeb0e9fa8dc9cd79726229.jpg,https://opisto-prod-opimedia.opisto.s3.eu-west-1.bso.st/2015_6/0d665ce5f4f8a8de91657f461acf538a9acaa3ad258f16e65d3eaaa8647fbf41.jpg,https://opisto-prod-opimedia.opisto.s3.eu-west-1.bso.st/2015_6/e31d057bc139ac8b65042df172f06de620750ce3fe64c4723c375410294e54b7.jpg,https://opisto-prod-opimedia.opisto.s3.eu-west-1.bso.st/2015_6/e061017589807ecc333af0cc6d39ecceff2fcf0453e0a463982efd04df180faa.jpg",45.00,9222F6,1,1,520,1997
3503652,152,"https://opisto-prod-opimedia.opisto.s3.eu-west-1.bso.st/Pictures/4672/2022_12/3503652-fb8bb8df5ed497f72259ffe6e49fe371ef4e037f5a18a25f7d054ad4a4d27a5f.jpg,https://opisto-prod-opimedia.opisto.s3.eu-west-1.bso.st/Pictures/4672/2022_12/3503652-fb8bb8df5ed497f72259ffe6e49fe371ef4e037f5a18a25f7d054ad4a4d27a5f_mtn.jpg,https://opisto-prod-opimedia.opisto.s3.eu-west-1.bso.st/Pictures/4672/2022_12/3503652-7318f83157b8b1380bc837e26c465715c16489db7fe48e8728e0ec3277618eda_mtn.jpg,https://opisto-prod-opimedia.opisto.s3.eu-west-1.bso.st/2015_6/cdda617fdbeaa254a480f7efb7106032ecc328814a4c941161f2faaecbe3ca6d.jpg,https://opisto-prod-opimedia.opisto.s3.eu-west-1.bso.st/2015_6/eb50488cc354cb534ec606123fc3c6da5ea906f5aa411e8eec0ade6b28ac80eb.jpg,https://opisto-prod-opimedia.opisto.s3.eu-west-1.bso.st/2015_6/a5af4e7a54d66d407e284730e33ed18c9f3af4f8016877432d1f26834fed8e96.jpg,https://opisto-prod-opimedia.opisto.s3.eu-west-1.bso.st/2015_6/2c6cac5f1373277b60814ace6f50aabbd6193a3b599c31c10ec23abc82436b41.jpg",35.00,90442017,1,1,38,1994
3544905,601,"https://opisto-prod-opimedia.opisto.s3.eu-west-1.bso.st/Pictures/4672/2023_1/3544905-6081f35cf42a2fe8a85786d250e7a6e95bb061c76892a4982aaf330332acd75f.jpg,https://opisto-prod-opimedia.opisto.s3.eu-west-1.bso.st/Pictures/4672/2023_1/3544905-6081f35cf42a2fe8a85786d250e7a6e95bb061c76892a4982aaf330332acd75f_mtn.jpg,https://opisto-prod-opimedia.opisto.s3.eu-west-1.bso.st/Pictures/4672/2023_1/3544905-c8104d632830288cf59965fdfb3b76233418d271cb374b43e0238552ff369e4f_mtn.jpg,https://opisto-prod-opimedia.opisto.s3.eu-west-1.bso.st/Pictures/4672/2023_1/3544905-27785e0b9040d9c3f8a3d1f81edf1b3eda324389c3e4fa27a8abfa48f41408b6_mtn.jpg,https://opisto-prod-opimedia.opisto.s3.eu-west-1.bso.st/2015_6/Vehicule-PEUGEOT-306-3-ET-5-PORTES-PHASE-2--1-9-2000-8f7ce6394984dba022bf288805d11f361d7b248282b117a74c4cecfe97550d0f.JPG,https://opisto-prod-opimedia.opisto.s3.eu-west-1.bso.st/2015_6/Vehicule-PEUGEOT-306-3-ET-5-PORTES-PHASE-2--1-9-2000-ee5c08bc863da337b99f6e5a02cce13372cc1aa68cda3d631344cf9eff564e4e.JPG,https://opisto-prod-opimedia.opisto.s3.eu-west-1.bso.st/2015_6/Vehicule-PEUGEOT-306-3-ET-5-PORTES-PHASE-2--1-9-2000-b4ead50926cec9c62f260597aeb8e14bdc9bbf81da48d8a094acbb997504c3ca.JPG",45.00,9222K7,1,1,1184,2000
3624588,252,"https://opisto-prod-opimedia.opisto.s3.eu-west-1.bso.st/Pictures/4672/2024_1/3624588-98b746e73e8f2afe8c055d2433e6408555280e3811aff933a1cbba397a2b4a5d.jpg,https://opisto-prod-opimedia.opisto.s3.eu-west-1.bso.st/Pictures/4672/2024_1/3624588-98b746e73e8f2afe8c055d2433e6408555280e3811aff933a1cbba397a2b4a5d_mtn.jpg,https://opisto-prod-opimedia.opisto.s3.eu-west-1.bso.st/Pictures/4672/2024_1/3624588-fc8b734e6a4a6a14c5aba511199c0bbc75118313df6c850bda7086bbe04e3d2a_mtn.jpg,https://opisto-prod-opimedia.opisto.s3.eu-west-1.bso.st/Pictures/4672/2024_1/3624588-e8e0634f5e7ab31fd7bf6001f3cfdd2fa90022a522ec71e5ccdbfa61a4a85b4a_mtn.jpg,https://opisto-prod-opimedia.opisto.s3.eu-west-1.bso.st/Pictures/4672/2024_1/3624588-fd69bfca33285394269b88e8983e62e9f2191a67c65e47b420e3dc83d094b8f8_mtn.jpg,https://opisto-prod-opimedia.opisto.s3.eu-west-1.bso.st/Pictures/4672/2024_1/3624588-ecaf6ee6eaf44d0c250195b5c42e8a631dc2be91c8be5f1f809faee32984e053_mtn.jpg,https://opisto-prod-opimedia.opisto.s3.eu-west-1.bso.st/2015_6/0fcf25998727710359d31e3173715d431daec0f8dcf1f567a84e2eb962d4e016.jpg,https://opisto-prod-opimedia.opisto.s3.eu-west-1.bso.st/2015_6/d3383da556f798c38ed98c8d12b3c301a92ba371478ffbba601df1b2525184ab.jpg,https://opisto-prod-opimedia.opisto.s3.eu-west-1.bso.st/2015_6/c47d93e072b5e6bc0549debb2ee9e6f6b8cd4407351872b94cb2b67d6e1cfe01.jpg,https://opisto-prod-opimedia.opisto.s3.eu-west-1.bso.st/2015_6/dda479cc7c46eeb0865a02e1412b4145985957b48c4707696ed89fe933333a04.jpg",80.00,9195752,1,1,135,2002
3636252,1122,"https://opisto-prod-opimedia.opisto.s3.eu-west-1.bso.st/Pictures/4672/2023_1/3636252-0503bd7856db88dca011d79975b5364c3bff016a34e4a2dbc4211fa5ef6dbe37.jpg,https://opisto-prod-opimedia.opisto.s3.eu-west-1.bso.st/Pictures/4672/2023_1/3636252-0503bd7856db88dca011d79975b5364c3bff016a34e4a2dbc4211fa5ef6dbe37_mtn.jpg,https://opisto-prod-opimedia.opisto.s3.eu-west-1.bso.st/Pictures/4672/2023_1/3636252-21878ee52a4a0ceb0e3a12f7e4b3b638c2d0aa0d7cbf5366b95fdb81b0065ef5_mtn.jpg,https://opisto-prod-opimedia.opisto.s3.eu-west-1.bso.st/Pictures/4672/2023_1/3636252-98cfeb6f3c36bad750e7dc44c96262dbe11cf22a6b25cb0b75232599c9e79a8e_mtn.jpg,https://opisto-prod-opimedia.opisto.s3.eu-west-1.bso.st/2015_6/9ba58a973917cb517ca65dc6b5090952aa392cad00c66450032124dba5a4d321.jpg,https://opisto-prod-opimedia.opisto.s3.eu-west-1.bso.st/2015_6/5dec9d834ae4e8029649fe56a8cd02d1beafc2430e158c75b7eaebf845c7a485.jpg,https://opisto-prod-opimedia.opisto.s3.eu-west-1.bso.st/2015_6/414f6d275adc6dfccec659f2b89625faf7fba1d80e52d3bea343e425d959ec7f.jpg,https://opisto-prod-opimedia.opisto.s3.eu-west-1.bso.st/2015_6/e15994965f39c473d9fa2ca46f37f439a4b39940ea7a09c36d703e7fa3f2f294.jpg",40.00,NT,1,1,1193,2001
3641596,1214,"https://opisto-prod-opimedia.opisto.s3.eu-west-1.bso.st/Pictures/4672/2018_11/Piece-Calandre-PEUGEOT-309-Diesel-45788f29d053cec4cd3b1ecad8efcd8f8fcd54c68045ecfd191526d940ca67c4.jpg,https://opisto-prod-opimedia.opisto.s3.eu-west-1.bso.st/Pictures/4672/2018_11/Piece-Calandre-PEUGEOT-309-Diesel-45788f29d053cec4cd3b1ecad8efcd8f8fcd54c68045ecfd191526d940ca67c4.jpg,https://opisto-prod-opimedia.opisto.s3.eu-west-1.bso.st/2015_6/Vehicule-PEUGEOT-309--1-9-1988-e895453b62972f33ef9b5bf35d2846156066754df4cce640b7248660cc8bc6f3.JPG,https://opisto-prod-opimedia.opisto.s3.eu-west-1.bso.st/2015_6/Vehicule-PEUGEOT-309--1-9-1988-7ff1154c97bb8dace0155201b4e097eff0f61211b5a8ab28b798c67f2796f188.JPG,https://opisto-prod-opimedia.opisto.s3.eu-west-1.bso.st/2015_6/Vehicule-PEUGEOT-309--1-9-1988-34f950ffe29dd2e9e4358ae2c0efc5046ac8dd1d28a1109f0640484bbdcae2ba.JPG",25.00,9751711977,1,1,1199,1988
3641602,136,"https://opisto-prod-opimedia.opisto.s3.eu-west-1.bso.st/Pictures/4672/2018_10/Piece-Optique-avant-principal-droit-(feux)(phare)-PEUGEOT-309-Diesel-3d3609615dce95c3092307a71ed52f162a8ca710e915f6e047ea7d55ab53e771.jpg,https://opisto-prod-opimedia.opisto.s3.eu-west-1.bso.st/Pictures/4672/2018_10/Piece-Optique-avant-principal-droit-(feux)(phare)-PEUGEOT-309-Diesel-3d3609615dce95c3092307a71ed52f162a8ca710e915f6e047ea7d55ab53e771.jpg,https://opisto-prod-opimedia.opisto.s3.eu-west-1.bso.st/2015_6/Vehicule-PEUGEOT-309--1-9-1988-e895453b62972f33ef9b5bf35d2846156066754df4cce640b7248660cc8bc6f3.JPG,https://opisto-prod-opimedia.opisto.s3.eu-west-1.bso.st/2015_6/Vehicule-PEUGEOT-309--1-9-1988-7ff1154c97bb8dace0155201b4e097eff0f61211b5a8ab28b798c67f2796f188.JPG,https://opisto-prod-opimedia.opisto.s3.eu-west-1.bso.st/2015_6/Vehicule-PEUGEOT-309--1-9-1988-34f950ffe29dd2e9e4358ae2c0efc5046ac8dd1d28a1109f0640484bbdcae2ba.JPG",30.00,NT,1,1,1199,1988
3664892,136,"https://opisto-prod-opimedia.opisto.s3.eu-west-1.bso.st/Pictures/4672/2022_6/Piece-Optique-avant-principal-droit-(feux)(phare)-7701034143-RENAULT-CLIO-1-PHASE-2-Essence-095ac5db1207c5d8632d7b8efe5266d11be7adac677f99a081d0140d41c2b6ad.jpg,https://opisto-prod-opimedia.opisto.s3.eu-west-1.bso.st/Pictures/4672/2022_6/Piece-Optique-avant-principal-droit-(feux)(phare)-7701034143-RENAULT-CLIO-1-PHASE-2-Essence-095ac5db1207c5d8632d7b8efe5266d11be7adac677f99a081d0140d41c2b6ad_mtn.jpg,https://opisto-prod-opimedia.opisto.s3.eu-west-1.bso.st/Pictures/4672/2022_6/Piece-Optique-avant-principal-droit-(feux)(phare)-7701034143-RENAULT-CLIO-1-PHASE-2-Essence-891971c78be1149f8dbc6606104ae589ed6ab80c864bc96e28094436eb6a8252_mtn.jpg,https://opisto-prod-opimedia.opisto.s3.eu-west-1.bso.st/Pictures/4672/2022_6/Piece-Optique-avant-principal-droit-(feux)(phare)-7701034143-RENAULT-CLIO-1-PHASE-2-Essence-3a79abaa8f9fb2149e2bbeef98136d7f7fdb35667047a94654f046b8fd18c0d9_mtn.jpg,https://opisto-prod-opimedia.opisto.s3.eu-west-1.bso.st/Pictures/4672/2022_6/Piece-Optique-avant-principal-droit-(feux)(phare)-7701034143-RENAULT-CLIO-1-PHASE-2-Essence-62703a8a211d58529a1ad1cde4959c9a6727407fc02670ba30c28788dbea5e08_mtn.jpg,https://opisto-prod-opimedia.opisto.s3.eu-west-1.bso.st/Pictures/4672/2022_6/Piece-Optique-avant-principal-droit-(feux)(phare)-7701034143-RENAULT-CLIO-1-PHASE-2-Essence-c80e4af8501157284689a15ed7b7f84e13b90564b08c176e064c15fe2d116d70_mtn.jpg,https://opisto-prod-opimedia.opisto.s3.eu-west-1.bso.st/2015_6/Vehicule-RENAULT-CLIO-I--1-2-1995-61760c14a8d8a8427577853e796c44cbd0d95bd3458a63fe558a361e4f8560a9.JPG,https://opisto-prod-opimedia.opisto.s3.eu-west-1.bso.st/2015_6/Vehicule-RENAULT-CLIO-I--1-2-1995-ddcdf0e3953223e0684f49037d0db5f4305f2307375f69805e26da4dc53e7960.JPG,https://opisto-prod-opimedia.opisto.s3.eu-west-1.bso.st/2015_6/Vehicule-RENAULT-CLIO-I--1-2-1995-f16f6b0eeb7d3d070c8bcb2fbe8e5f066b0a9c469623c1d46a522bacc88e9d64.JPG",35.00,7701034143,1,1,1735,1995
3665374,136,"https://opisto-prod-opimedia.opisto.s3.eu-west-1.bso.st/Pictures/4672/2022_7/Piece-Optique-avant-principal-gauche-(feux)(phare)-6204R9-CITROEN-XANTIA-PHASE-2-Diesel-b1c92e788cf88e4473cf3a329dd9925a50912800b063bbecf43020945de3fe70.jpg,https://opisto-prod-opimedia.opisto.s3.eu-west-1.bso.st/Pictures/4672/2022_7/Piece-Optique-avant-principal-gauche-(feux)(phare)-6204R9-CITROEN-XANTIA-PHASE-2-Diesel-b1c92e788cf88e4473cf3a329dd9925a50912800b063bbecf43020945de3fe70_mtn.jpg,https://opisto-prod-opimedia.opisto.s3.eu-west-1.bso.st/Pictures/4672/2022_7/Piece-Optique-avant-principal-gauche-(feux)(phare)-6204R9-CITROEN-XANTIA-PHASE-2-Diesel-fa9370da40240518d4d03c5306eb44dba3e9d9908005fcca504af731da12d29b_mtn.jpg,https://opisto-prod-opimedia.opisto.s3.eu-west-1.bso.st/Pictures/4672/2022_7/Piece-Optique-avant-principal-gauche-(feux)(phare)-6204R9-CITROEN-XANTIA-PHASE-2-Diesel-515484b3414c0854a5d6a3c1f6bf745d47ed00fda9c4664925cf66306343de68_mtn.jpg,https://opisto-prod-opimedia.opisto.s3.eu-west-1.bso.st/Pictures/4672/2022_7/Piece-Optique-avant-principal-gauche-(feux)(phare)-6204R9-CITROEN-XANTIA-PHASE-2-Diesel-e5aa8385adc16644c0e3b31942f3ff64c9761be14ee7bd71048279b6d901e23d_mtn.jpg,https://opisto-prod-opimedia.opisto.s3.eu-west-1.bso.st/Pictures/4672/2022_7/Piece-Optique-avant-principal-gauche-(feux)(phare)-6204R9-CITROEN-XANTIA-PHASE-2-Diesel-52e7b9b4b3023b99844e45947d5529aad21f7dd582357b7165279d2f9ddd0760_mtn.jpg,https://opisto-prod-opimedia.opisto.s3.eu-west-1.bso.st/Pictures/4672/2022_7/Piece-Optique-avant-principal-gauche-(feux)(phare)-6204R9-CITROEN-XANTIA-PHASE-2-Diesel-08252131c8900b8402419b1e006dd27b32b06d00ba3f480eec1fb0e7a096ef9b_mtn.jpg,https://opisto-prod-opimedia.opisto.s3.eu-west-1.bso.st/2015_6/Vehicule-CITROEN-XANTIA-PHASE-2--2-1999-8c7d547254f1f899dc8f0266fd02a64789b962588d72d4f0dcc08d7611afe8d5.JPG,https://opisto-prod-opimedia.opisto.s3.eu-west-1.bso.st/2015_6/Vehicule-CITROEN-XANTIA-PHASE-2--2-1999-16df05046f4ebdc0f75ef4fc0f4bb2b75b91d7db8a8b80f0076989b02aebfd25.JPG,https://opisto-prod-opimedia.opisto.s3.eu-west-1.bso.st/2015_6/Vehicule-CITROEN-XANTIA-PHASE-2--2-1999-c5a12bd58051c2f316c37540c96a7a08758707111376fe88ef42ff4630c83a0d.JPG,https://opisto-prod-opimedia.opisto.s3.eu-west-1.bso.st/2015_6/Vehicule-CITROEN-XANTIA-PHASE-2--2-1999-b4c8a83d5d907072762e34dbf431f30f3ef06ad46f7013ea56fab0b1bd7502e5.JPG,https://opisto-prod-opimedia.opisto.s3.eu-west-1.bso.st/2015_6/Vehicule-CITROEN-XANTIA-PHASE-2--2-1999-894e8d96be383950e0cf2a724d5689b72020a51921be019b1ccc759fd4dce8ff.JPG",30.00,6204R9,1,1,520,1999
3668839,604,"https://opisto-prod-opimedia.opisto.s3.eu-west-1.bso.st/Pictures/4672/2023_8/3668839-f9f70c01a7f9f4b5bae9ad9f562c7be0c8057f08c20cc737d75a2676257f5426.jpg,https://opisto-prod-opimedia.opisto.s3.eu-west-1.bso.st/Pictures/4672/2023_8/3668839-f9f70c01a7f9f4b5bae9ad9f562c7be0c8057f08c20cc737d75a2676257f5426_mtn.jpg,https://opisto-prod-opimedia.opisto.s3.eu-west-1.bso.st/Pictures/4672/2023_8/3668839-90f5be6ce56facf7f94e8499a08e8c9d01f761211bd5f4a6dc1882b0fcaafcc5_mtn.jpg,https://opisto-prod-opimedia.opisto.s3.eu-west-1.bso.st/Pictures/4672/2023_8/3668839-036a4a14e57f1428705d5bcac583f3a0dcab035f110975433f49e0b81848a3db_mtn.jpg,https://opisto-prod-opimedia.opisto.s3.eu-west-1.bso.st/Pictures/4672/2023_8/3668839-9d47234d6aa4a9ccc9ef1caad478e3906e6acd1b8c5b196a109dd0ca3192542b_mtn.jpg,https://opisto-prod-opimedia.opisto.s3.eu-west-1.bso.st/2015_6/6a1fedd853a992175e4d0b18a5b36cc5e2dd67abbe2cf39b132783b297fe0d28.jpg,https://opisto-prod-opimedia.opisto.s3.eu-west-1.bso.st/2015_6/9e457604cce57715eee7b5b1701c40c7d3e4225576a81f7adbff7a9240c7c019.jpg,https://opisto-prod-opimedia.opisto.s3.eu-west-1.bso.st/2015_6/33d2cae5b4a681fd8cfd005292eef807e59428e642a2e09814032c9219af3aae.jpg",35.00,NT,1,1,1189,1992
3668926,231,"https://opisto-prod-opimedia.opisto.s3.eu-west-1.bso.st/Pictures/4672/2019_11/Piece-Radiateur-eau-PEUGEOT-605-Diesel-dae0c468d29a793325e4f904c7220f1c13dcc89f13a41ad9e6424bf89b80cf68.jpg,https://opisto-prod-opimedia.opisto.s3.eu-west-1.bso.st/Pictures/4672/2019_11/Piece-Radiateur-eau-PEUGEOT-605-Diesel-dae0c468d29a793325e4f904c7220f1c13dcc89f13a41ad9e6424bf89b80cf68.jpg,https://opisto-prod-opimedia.opisto.s3.eu-west-1.bso.st/2015_6/6a1fedd853a992175e4d0b18a5b36cc5e2dd67abbe2cf39b132783b297fe0d28.jpg,https://opisto-prod-opimedia.opisto.s3.eu-west-1.bso.st/2015_6/9e457604cce57715eee7b5b1701c40c7d3e4225576a81f7adbff7a9240c7c019.jpg,https://opisto-prod-opimedia.opisto.s3.eu-west-1.bso.st/2015_6/33d2cae5b4a681fd8cfd005292eef807e59428e642a2e09814032c9219af3aae.jpg",50.00,NT,1,1,1189,1992
3674005,152,"https://opisto-prod-opimedia.opisto.s3.eu-west-1.bso.st/Pictures/4672/2022_12/3674005-4a6f9b70826cc739e1fdde501ed3c315458fd6febf2838a974d5d0690b5cbfb8.jpg,https://opisto-prod-opimedia.opisto.s3.eu-west-1.bso.st/Pictures/4672/2022_12/3674005-4a6f9b70826cc739e1fdde501ed3c315458fd6febf2838a974d5d0690b5cbfb8_mtn.jpg,https://opisto-prod-opimedia.opisto.s3.eu-west-1.bso.st/Pictures/4672/2022_12/3674005-aa74a61cec67f5ba8826f84f2e942de32de287c1ffe6dc68b20880387442515c_mtn.jpg,https://opisto-prod-opimedia.opisto.s3.eu-west-1.bso.st/2015_6/Vehicule-RENAULT-MEGANE--1-9-2005-43d6064da9233314faccadc8fc0c745b42c41277b887587e83b0b5f62d9ac8e3.JPG,https://opisto-prod-opimedia.opisto.s3.eu-west-1.bso.st/2015_6/Vehicule-RENAULT-MEGANE--1-9-2005-fa1de64c9b8361d290930eb590d3a09dfbfe7e2bb64ae49aeb39b9e28514859b.JPG",30.00,9196364,1,1,135,2005
3773559,184,"https://opisto-prod-opimedia.opisto.s3.eu-west-1.bso.st/Pictures/4672/2023_4/3773559-234fc4310fffcbeaea2263423b0f12b08b930a7d48b29f542ea4798c357893a6.jpg,https://opisto-prod-opimedia.opisto.s3.eu-west-1.bso.st/Pictures/4672/2023_4/3773559-234fc4310fffcbeaea2263423b0f12b08b930a7d48b29f542ea4798c357893a6_mtn.jpg,https://opisto-prod-opimedia.opisto.s3.eu-west-1.bso.st/Pictures/4672/2023_4/3773559-64b10ff4b593eb5f543c898a475ad3990d084536a203e3bf4a61b7426119f90e_mtn.jpg,https://opisto-prod-opimedia.opisto.s3.eu-west-1.bso.st/Pictures/4672/2023_4/3773559-c6b4ba421a3f5010b4b1221d6ccb13bae75f5d60bc5014c077f9f048036e595c_mtn.jpg,https://opisto-prod-opimedia.opisto.s3.eu-west-1.bso.st/2015_6/872d28686b75e695bd123983f29c97c349537d741a0fd52aac6b2fdac9c1d012.jpg,https://opisto-prod-opimedia.opisto.s3.eu-west-1.bso.st/2015_6/d352970ad024363a72c1771e7c54e53a10f2a6ff09b9598cac91d0e83f94f0ff.jpg,https://opisto-prod-opimedia.opisto.s3.eu-west-1.bso.st/2015_6/c4ebdec4f4605a299135280ecceda1248be0f8d1d446175cda1d533bdcd17884.jpg,https://opisto-prod-opimedia.opisto.s3.eu-west-1.bso.st/2015_6/95d3aec6d8a10cb5aa13fa7119e52d515411c584a44252908e924de3fe9b2235.jpg",30.00,630354,1,1,1191,2001
3785404,601,"https://opisto-prod-opimedia.opisto.s3.eu-west-1.bso.st/Pictures/4672/2023_3/3785404-576d626f3ed44a87ebbc84cb69082f4f9bc52947d6bdc3d844c3c7c94e3b9cc9.jpg,https://opisto-prod-opimedia.opisto.s3.eu-west-1.bso.st/Pictures/4672/2023_3/3785404-576d626f3ed44a87ebbc84cb69082f4f9bc52947d6bdc3d844c3c7c94e3b9cc9_mtn.jpg,https://opisto-prod-opimedia.opisto.s3.eu-west-1.bso.st/Pictures/4672/2023_3/3785404-a1d8ea097e7d3af23ae9df6854a6a77eb0d2be59e0ec518beb63c4275d1bb78e_mtn.jpg,https://opisto-prod-opimedia.opisto.s3.eu-west-1.bso.st/Pictures/4672/2023_3/3785404-9e922454e87a7bfd2187fad28030e2ce6eec9f97ec7f0cb32bedd4a3559364a5_mtn.jpg,https://opisto-prod-opimedia.opisto.s3.eu-west-1.bso.st/2015_6/e7f26401e21c276ed5b1e7a842997178837a3295cd02f51944effadbe845212f.jpg,https://opisto-prod-opimedia.opisto.s3.eu-west-1.bso.st/2015_6/42127f5b587ace2194b98ac09a294fd04750dcdc3e2a2408a5b2e436c66bdacc.jpg",45.00,00009222H3,1,1,530,1999
3785405,601,"https://opisto-prod-opimedia.opisto.s3.eu-west-1.bso.st/Pictures/4672/2023_3/3785405-37a08616d7fd4aa17f27f04882ebae6d32b2db9ff169f5ac66b0b3381ea51fc1.jpg,https://opisto-prod-opimedia.opisto.s3.eu-west-1.bso.st/Pictures/4672/2023_3/3785405-37a08616d7fd4aa17f27f04882ebae6d32b2db9ff169f5ac66b0b3381ea51fc1_mtn.jpg,https://opisto-prod-opimedia.opisto.s3.eu-west-1.bso.st/Pictures/4672/2023_3/3785405-c8d9277e10d3c49291c01f45757591feaddea9e8d7b5e2f3e56a26a0f5f53297_mtn.jpg,https://opisto-prod-opimedia.opisto.s3.eu-west-1.bso.st/Pictures/4672/2023_3/3785405-cf3f0e96bfbdf409b32208ab2b68e5e29542cb0b193029e7a35ee0fd971133b4_mtn.jpg,https://opisto-prod-opimedia.opisto.s3.eu-west-1.bso.st/2015_6/e7f26401e21c276ed5b1e7a842997178837a3295cd02f51944effadbe845212f.jpg,https://opisto-prod-opimedia.opisto.s3.eu-west-1.bso.st/2015_6/42127f5b587ace2194b98ac09a294fd04750dcdc3e2a2408a5b2e436c66bdacc.jpg",45.00,00009221H5,1,1,530,1999
3813498,621,"https://opisto-prod-opimedia.opisto.s3.eu-west-1.bso.st/Pictures/4672/2021_12/Piece-Leve-vitre-electrique-arriere-droit-7700809796-RENAULT-SAFRANE-PHASE-2-Essence-69bdb58a401fac4d29062eca15352ff270e9567a1c359bdb46802e6b3dd3d0fc.jpg,https://opisto-prod-opimedia.opisto.s3.eu-west-1.bso.st/Pictures/4672/2021_12/Piece-Leve-vitre-electrique-arriere-droit-7700809796-RENAULT-SAFRANE-PHASE-2-Essence-69bdb58a401fac4d29062eca15352ff270e9567a1c359bdb46802e6b3dd3d0fc_mtn.jpg,https://opisto-prod-opimedia.opisto.s3.eu-west-1.bso.st/Pictures/4672/2021_12/Piece-Leve-vitre-electrique-arriere-droit-7700809796-RENAULT-SAFRANE-PHASE-2-Essence-f6ac244a71376b92187fdafaad98597c039c8b85c88dd370d9e811748fd548b2_mtn.jpg,https://opisto-prod-opimedia.opisto.s3.eu-west-1.bso.st/Pictures/4672/2021_12/Piece-Leve-vitre-electrique-arriere-droit-7700809796-RENAULT-SAFRANE-PHASE-2-Essence-65c9ba866e415019025afdc906e1185075b36d5f55ff87ab0001cdcfe0e62254_mtn.jpg,https://opisto-prod-opimedia.opisto.s3.eu-west-1.bso.st/2015_6/Vehicule-RENAULT-SAFRANE-PHASE-2--1-9-1998-23fbfe766c4a93f180515883f0081ccb0c039106db62ff0e31c80e80a579ed84.JPG,https://opisto-prod-opimedia.opisto.s3.eu-west-1.bso.st/2015_6/Vehicule-RENAULT-SAFRANE-PHASE-2--1-9-1998-c178cb590ceb89510ecc68d275667a121bcf1689b2b79406e7fd7b57429dd5e1.JPG,https://opisto-prod-opimedia.opisto.s3.eu-west-1.bso.st/2015_6/Vehicule-RENAULT-SAFRANE-PHASE-2--1-9-1998-213790d454b5d09e5f3e34c5d81b650a56003152a57214d4bb0d3966d27ad5e5.JPG",45.00,7700809796,1,1,237,1998
3825753,136,"https://opisto-prod-opimedia.opisto.s3.eu-west-1.bso.st/Pictures/4672/2024_5/3825753-c37945593b667f473a46c80a3bedf8ee5f44e665c3720ac9a11afe0e9dbbc1fe.jpg,https://opisto-prod-opimedia.opisto.s3.eu-west-1.bso.st/Pictures/4672/2024_5/3825753-c37945593b667f473a46c80a3bedf8ee5f44e665c3720ac9a11afe0e9dbbc1fe_mtn.jpg,https://opisto-prod-opimedia.opisto.s3.eu-west-1.bso.st/Pictures/4672/2024_5/3825753-6a2e45c4a84b79c1434c459ccc082ae8eabb24f25a4514d1917eefade8c3f213_mtn.jpg,https://opisto-prod-opimedia.opisto.s3.eu-west-1.bso.st/Pictures/4672/2024_5/3825753-f70f496f95da9e33210e6be8bdf06667fc32d20a2b4aadf954b306e35b15c7d8_mtn.jpg,https://opisto-prod-opimedia.opisto.s3.eu-west-1.bso.st/Pictures/4672/2024_5/3825753-d48e616ae3eed27897d8be314dafd02aefdd77c3528ec18d76d0f3c979fe7d93_mtn.jpg,https://opisto-prod-opimedia.opisto.s3.eu-west-1.bso.st/Pictures/4672/2024_5/3825753-dc61bd1cce28cf0aa2402b56138e2947f458d9a1390e74ae4198d1ce30684742_mtn.jpg,https://opisto-prod-opimedia.opisto.s3.eu-west-1.bso.st/Pictures/4672/2024_5/3825753-9f60f2468553355c11288f050939cb3a34d49c586fb080af25513695fdcbcd7e_mtn.jpg,https://opisto-prod-opimedia.opisto.s3.eu-west-1.bso.st/Pictures/4672/2024_5/3825753-38f226a3859333a7d27f2782c1ac02077e5b239105f0b9bc75d8f575299a1a46_mtn.jpg,https://opisto-prod-opimedia.opisto.s3.eu-west-1.bso.st/Pictures/4672/2024_5/3825753-804d61aad0042c40abf57221671cf20886e1f029a5e11908f69101e2a025eb9b_mtn.jpg,https://opisto-prod-opimedia.opisto.s3.eu-west-1.bso.st/2015_6/Vehicule-MERCEDES-C220-CLASSE-C---BM-202-PHASE-1--2-2-1996-a1e1a088d4c34bfe867157ea462239f0518d91533c150a8da8510ae0c3570105.JPG,https://opisto-prod-opimedia.opisto.s3.eu-west-1.bso.st/2015_6/Vehicule-MERCEDES-C220-CLASSE-C---BM-202-PHASE-1--2-2-1996-0076acc1312399796c431a4c9f2bc6028af7612ed7312538178c84248b7a25b8.JPG,https://opisto-prod-opimedia.opisto.s3.eu-west-1.bso.st/2015_6/Vehicule-MERCEDES-C220-CLASSE-C---BM-202-PHASE-1--2-2-1996-97f1d60a68315472f510e007bc3ff9712763a1a1967c37e0772510bfe84c7e47.JPG",30.00,2028201761,1,1,1582,1996
3825755,184,"https://opisto-prod-opimedia.opisto.s3.eu-west-1.bso.st/Pictures/4672/2022_12/Piece-3825755-Optique-avant-secondaire-gauche-2028260943-MERCEDES-CLASSE-C-202-PHASE-1-Diesel-17d6cb6ac9ee25be5c3559476e302aaf9ac52c3b5d43df4d712843d0aee6ba6d.jpg,https://opisto-prod-opimedia.opisto.s3.eu-west-1.bso.st/Pictures/4672/2022_12/Piece-3825755-Optique-avant-secondaire-gauche-2028260943-MERCEDES-CLASSE-C-202-PHASE-1-Diesel-17d6cb6ac9ee25be5c3559476e302aaf9ac52c3b5d43df4d712843d0aee6ba6d_mtn.jpg,https://opisto-prod-opimedia.opisto.s3.eu-west-1.bso.st/Pictures/4672/2022_12/Piece-3825755-Optique-avant-secondaire-gauche-2028260943-MERCEDES-CLASSE-C-202-PHASE-1-Diesel-30a1b2c2ace3811d895120c4e489e039f2f93b8515bf74e3314656487e8e0435_mtn.jpg,https://opisto-prod-opimedia.opisto.s3.eu-west-1.bso.st/Pictures/4672/2022_12/Piece-3825755-Optique-avant-secondaire-gauche-2028260943-MERCEDES-CLASSE-C-202-PHASE-1-Diesel-9c83694d990330bc2b89a867dbba45f83dc11eb579d9955ade96e45eee5834f2_mtn.jpg,https://opisto-prod-opimedia.opisto.s3.eu-west-1.bso.st/2015_6/Vehicule-MERCEDES-C220-CLASSE-C---BM-202-PHASE-1--2-2-1996-a1e1a088d4c34bfe867157ea462239f0518d91533c150a8da8510ae0c3570105.JPG,https://opisto-prod-opimedia.opisto.s3.eu-west-1.bso.st/2015_6/Vehicule-MERCEDES-C220-CLASSE-C---BM-202-PHASE-1--2-2-1996-0076acc1312399796c431a4c9f2bc6028af7612ed7312538178c84248b7a25b8.JPG,https://opisto-prod-opimedia.opisto.s3.eu-west-1.bso.st/2015_6/Vehicule-MERCEDES-C220-CLASSE-C---BM-202-PHASE-1--2-2-1996-97f1d60a68315472f510e007bc3ff9712763a1a1967c37e0772510bfe84c7e47.JPG",30.00,2028260743,1,1,1582,1996
3836897,205,"https://opisto-prod-pic.opisto.s3.eu-west-1.bso.st/4672/po_photo/2025/03/3836897-01e1b001-ebb3-4680-862d-feee8e602b0a-photo0_o.jpeg,https://opisto-prod-pic.opisto.s3.eu-west-1.bso.st/4672/po_photo/2025/03/3836897-01e1b001-ebb3-4680-862d-feee8e602b0a-photo0_m.jpeg,https://opisto-prod-pic.opisto.s3.eu-west-1.bso.st/4672/po_photo/2025/03/3836897-ab4d2ca2-aed6-4481-b8c3-d734b42ec21d-photo1_m.jpeg,https://opisto-prod-pic.opisto.s3.eu-west-1.bso.st/4672/po_photo/2025/03/3836897-7c1a2d09-7ee0-4698-add6-7f1f0af6f26f-photo2_m.jpeg,https://opisto-prod-pic.opisto.s3.eu-west-1.bso.st/4672/po_photo/2025/03/3836897-001252d5-bbed-4d5c-a76c-0c6631ce8d2a-photo3_m.jpeg,https://opisto-prod-opimedia.opisto.s3.eu-west-1.bso.st/2015_6/Vehicule-CITROEN-XANTIA-PHASE-2--2-1999-8c7d547254f1f899dc8f0266fd02a64789b962588d72d4f0dcc08d7611afe8d5.JPG,https://opisto-prod-opimedia.opisto.s3.eu-west-1.bso.st/2015_6/Vehicule-CITROEN-XANTIA-PHASE-2--2-1999-16df05046f4ebdc0f75ef4fc0f4bb2b75b91d7db8a8b80f0076989b02aebfd25.JPG,https://opisto-prod-opimedia.opisto.s3.eu-west-1.bso.st/2015_6/Vehicule-CITROEN-XANTIA-PHASE-2--2-1999-c5a12bd58051c2f316c37540c96a7a08758707111376fe88ef42ff4630c83a0d.JPG,https://opisto-prod-opimedia.opisto.s3.eu-west-1.bso.st/2015_6/Vehicule-CITROEN-XANTIA-PHASE-2--2-1999-b4c8a83d5d907072762e34dbf431f30f3ef06ad46f7013ea56fab0b1bd7502e5.JPG,https://opisto-prod-opimedia.opisto.s3.eu-west-1.bso.st/2015_6/Vehicule-CITROEN-XANTIA-PHASE-2--2-1999-894e8d96be383950e0cf2a724d5689b72020a51921be019b1ccc759fd4dce8ff.JPG",45.00,6453V5,1,1,520,1999
3862710,152,"https://opisto-prod-opimedia.opisto.s3.eu-west-1.bso.st/Pictures/4672/2022_12/3862710-5e7c7179e445fbabeb4a5f412adb3fe56ac3fdc7e3c6b19839ce0e461dfaaee4.jpg,https://opisto-prod-opimedia.opisto.s3.eu-west-1.bso.st/Pictures/4672/2022_12/3862710-5e7c7179e445fbabeb4a5f412adb3fe56ac3fdc7e3c6b19839ce0e461dfaaee4_mtn.jpg,https://opisto-prod-opimedia.opisto.s3.eu-west-1.bso.st/Pictures/4672/2022_12/3862710-50c9fa226c2879d848831b23538c0a40110fd8ad8451532f3c1c372fa92568c7_mtn.jpg,https://opisto-prod-opimedia.opisto.s3.eu-west-1.bso.st/Pictures/4672/2022_12/3862710-cc90d323600263d24510b624a4ce27d1e3a02839feed07e2c86284ad44bd3257_mtn.jpg,https://opisto-prod-opimedia.opisto.s3.eu-west-1.bso.st/2015_6/Vehicule-VOLKSWAGEN-GOLF-III--1-9-1996-3d7eb0ec11c48b5eec1aa5c69dae0e0d19ed5baf8f1db3cd0f7ebb16be5b44c6.JPG,https://opisto-prod-opimedia.opisto.s3.eu-west-1.bso.st/2015_6/Vehicule-VOLKSWAGEN-GOLF-III--1-9-1996-57620f776290da00c6f715892056a9bb9171c510645d5bf6eb21a2f40f18039e.JPG,https://opisto-prod-opimedia.opisto.s3.eu-west-1.bso.st/2015_6/Vehicule-VOLKSWAGEN-GOLF-III--1-9-1996-1e06496651bb278df2281d4e4bdeecdc660f7d70368c0223f6eef17d5e141be2.JPG",25.00,1H6945112A,1,1,61,1996
3862711,152,"https://opisto-prod-opimedia.opisto.s3.eu-west-1.bso.st/Pictures/4672/2022_12/3862711-f78fa8aeb50f7a448a349c0ba28628e7ee5c36b90fb7d6c2e037c001e6166dde.jpg,https://opisto-prod-opimedia.opisto.s3.eu-west-1.bso.st/Pictures/4672/2022_12/3862711-f78fa8aeb50f7a448a349c0ba28628e7ee5c36b90fb7d6c2e037c001e6166dde_mtn.jpg,https://opisto-prod-opimedia.opisto.s3.eu-west-1.bso.st/Pictures/4672/2022_12/3862711-d98e5a19d18d24946a9b504826e18ce85648c8f3e4b804c2d4ecf1ec3f29e421_mtn.jpg,https://opisto-prod-opimedia.opisto.s3.eu-west-1.bso.st/Pictures/4672/2022_12/3862711-41c4491b4d78fbf9895f27d17a09a09fe768744f63eac0e736d78f6be19cfbb3_mtn.jpg,https://opisto-prod-opimedia.opisto.s3.eu-west-1.bso.st/2015_6/Vehicule-VOLKSWAGEN-GOLF-III--1-9-1996-3d7eb0ec11c48b5eec1aa5c69dae0e0d19ed5baf8f1db3cd0f7ebb16be5b44c6.JPG,https://opisto-prod-opimedia.opisto.s3.eu-west-1.bso.st/2015_6/Vehicule-VOLKSWAGEN-GOLF-III--1-9-1996-57620f776290da00c6f715892056a9bb9171c510645d5bf6eb21a2f40f18039e.JPG,https://opisto-prod-opimedia.opisto.s3.eu-west-1.bso.st/2015_6/Vehicule-VOLKSWAGEN-GOLF-III--1-9-1996-1e06496651bb278df2281d4e4bdeecdc660f7d70368c0223f6eef17d5e141be2.JPG",25.00,1H6945111,1,1,61,1996
3879055,152,"https://opisto-prod-opimedia.opisto.s3.eu-west-1.bso.st/Pictures/4672/2022_12/3879055-b2327070224bf33c576237973b81caec7f4f82fc9ff0c2ae37944054b219aaa7.jpg,https://opisto-prod-opimedia.opisto.s3.eu-west-1.bso.st/Pictures/4672/2022_12/3879055-b2327070224bf33c576237973b81caec7f4f82fc9ff0c2ae37944054b219aaa7_mtn.jpg,https://opisto-prod-opimedia.opisto.s3.eu-west-1.bso.st/Pictures/4672/2022_12/3879055-42074be18c721d043d602a274eb6bb59b237a9f5ab345975873e8e1b37e65631_mtn.jpg,https://opisto-prod-opimedia.opisto.s3.eu-west-1.bso.st/2015_6/d124640934e7d74e198203cdafa278c81dcaf9a7621fc7f7a4e8a57850f9d65a.jpg,https://opisto-prod-opimedia.opisto.s3.eu-west-1.bso.st/2015_6/dea6314f181ccbc32107b96d7b063a74d9ace51c8b9749e698a35436c5ab3eac.jpg,https://opisto-prod-opimedia.opisto.s3.eu-west-1.bso.st/2015_6/91f91e1d8dcaa14b71e0599841b23f6f851beae22344576df1ce5ec120a83ee3.jpg,https://opisto-prod-opimedia.opisto.s3.eu-west-1.bso.st/2015_6/fe13a19995038231cb2d7589cf2f255d64b40de27ad3f353323d38372ba451db.jpg",25.00,7701040608,1,1,31,1996
3887014,113,"https://opisto-prod-opimedia.opisto.s3.eu-west-1.bso.st/Pictures/4672/2023_7/3887014-50e3a3c50d07e863ad8d1e872b32230a52831508fe6056644c510ca3fa48c894.jpg,https://opisto-prod-opimedia.opisto.s3.eu-west-1.bso.st/Pictures/4672/2023_7/3887014-50e3a3c50d07e863ad8d1e872b32230a52831508fe6056644c510ca3fa48c894_mtn.jpg,https://opisto-prod-opimedia.opisto.s3.eu-west-1.bso.st/Pictures/4672/2023_7/3887014-b7b21561dda9d9a88395debbdf9381b1eabde04a97d1d1e9f82bbb81020d1a45_mtn.jpg,https://opisto-prod-opimedia.opisto.s3.eu-west-1.bso.st/Pictures/4672/2023_7/3887014-a48bff3d422c4bf77c672f0eb6631b16366eb97399537970aee032da07ce8ea4_mtn.jpg,https://opisto-prod-opimedia.opisto.s3.eu-west-1.bso.st/Pictures/4672/2023_7/3887014-b92d1c7417f4c433ca9b8d3f442651be831441135ab4155ab19c30a78e3d7a86_mtn.jpg,https://opisto-prod-opimedia.opisto.s3.eu-west-1.bso.st/2015_7/Vehicule-PEUGEOT-EXPERT-FOURGON--PHASE-1--1-9-2003-4b87977293c9d57b8a78a23ac853c9429628a41a8007c5c7e3b4d765e1f76643.JPG,https://opisto-prod-opimedia.opisto.s3.eu-west-1.bso.st/2015_7/Vehicule-PEUGEOT-EXPERT-FOURGON--PHASE-1--1-9-2003-26eecf5edfa654839ed744581be3379aa43f4cc54ac54c9f795f2855254bc9d7.JPG",45.00,640593,1,1,1191,2003
3944273,259,"https://opisto-prod-opimedia.opisto.s3.eu-west-1.bso.st/Pictures/4672/2024_1/3944273-38f63df8e94820ae3bb2250c8f2af5dafffa4990a2367c301d3e539d235cd8ce.jpg,https://opisto-prod-opimedia.opisto.s3.eu-west-1.bso.st/Pictures/4672/2024_1/3944273-38f63df8e94820ae3bb2250c8f2af5dafffa4990a2367c301d3e539d235cd8ce_mtn.jpg,https://opisto-prod-opimedia.opisto.s3.eu-west-1.bso.st/Pictures/4672/2024_1/3944273-ad4ea5c28424d17e9e3965232f00a5e41b13f3b9e095195818850ad2a68b2d09_mtn.jpg,https://opisto-prod-opimedia.opisto.s3.eu-west-1.bso.st/Pictures/4672/2024_1/3944273-8f932196a2e79e297b19b6fcac3865fda8b0bf32802e2272a4a5251ffa8f8a2d_mtn.jpg,https://opisto-prod-opimedia.opisto.s3.eu-west-1.bso.st/2015_6/00822dbf3793e2b67583d51c671a41ee4ec1019a4c6ca9dacc816b3d67d00b31.jpg,https://opisto-prod-opimedia.opisto.s3.eu-west-1.bso.st/2015_6/bdbecd2eaa99d0ac9cc731c4fd8902bcea696b28c2ff8f3ace5c214ff275a6e3.jpg,https://opisto-prod-opimedia.opisto.s3.eu-west-1.bso.st/2015_6/c70ce0a970365d23ba241ed9bce89ecfeb764d35dfb711b94db1490e77c5a44f.jpg,https://opisto-prod-opimedia.opisto.s3.eu-west-1.bso.st/2015_6/4eec1c3744e0e257d72f2c7c854fe1555293f16e0a1120b00d9b070d42085b73.jpg",60.00,02T911024N,1,1,64,2011
3969490,136,"https://opisto-prod-opimedia.opisto.s3.eu-west-1.bso.st/Pictures/4672/2022_12/Piece-3969490-Optique-avant-principal-gauche-1152094-FORD-FOCUS-1-BREAK-Diesel-2421d007a080fab790becc0dda91ec1219143a640ad7cfc1105ab12841b6abbc.jpg,https://opisto-prod-opimedia.opisto.s3.eu-west-1.bso.st/Pictures/4672/2022_12/Piece-3969490-Optique-avant-principal-gauche-1152094-FORD-FOCUS-1-BREAK-Diesel-2421d007a080fab790becc0dda91ec1219143a640ad7cfc1105ab12841b6abbc_mtn.jpg,https://opisto-prod-opimedia.opisto.s3.eu-west-1.bso.st/Pictures/4672/2022_12/Piece-3969490-Optique-avant-principal-gauche-1152094-FORD-FOCUS-1-BREAK-Diesel-3fbc89f02af8dc82dde17f772f9e1236d05c6e0e37a817b42f9654e746710fd6_mtn.jpg,https://opisto-prod-opimedia.opisto.s3.eu-west-1.bso.st/Pictures/4672/2022_12/Piece-3969490-Optique-avant-principal-gauche-1152094-FORD-FOCUS-1-BREAK-Diesel-33bf6a5769b0217a7bec8ddd979a5a7850c20fbd090af8e0eb7b5b2786ece825_mtn.jpg,https://opisto-prod-opimedia.opisto.s3.eu-west-1.bso.st/2015_6/Vehicule-FORD-FOCUS-1998-FOCUS-CLIPPER-1998--1-8-1999-0c0f74841867509643f965e2ede4c63ebff767eb19952411f6fd68a83dfd0ce1.JPG,https://opisto-prod-opimedia.opisto.s3.eu-west-1.bso.st/2015_6/Vehicule-FORD-FOCUS-1998-FOCUS-CLIPPER-1998--1-8-1999-925e59ca49872315c01fedcfa32bbef3bd3b3e7ef4fc3b31c46a6528648a6141.JPG,https://opisto-prod-opimedia.opisto.s3.eu-west-1.bso.st/2015_6/Vehicule-FORD-FOCUS-1998-FOCUS-CLIPPER-1998--1-8-1999-238870f2a339c3e578d90310a29a28dfb23bbf3be19208a8975ebcdcce07f944.JPG,https://opisto-prod-opimedia.opisto.s3.eu-west-1.bso.st/2015_6/Vehicule-FORD-FOCUS-1998-FOCUS-CLIPPER-1998--1-8-1999-d6fe9b923c66e814c6847c13b30e3dfeea810769406cd7b18627fbe425d3dc48.JPG,https://opisto-prod-opimedia.opisto.s3.eu-west-1.bso.st/2015_6/Vehicule-FORD-FOCUS-1998-FOCUS-CLIPPER-1998--1-8-1999-4b3539986116cb5fe57b3eddac35db739f48d14454c9621ef7054cc848312292.JPG",30.00,1152094,1,1,1477,1999
3998216,184,"https://opisto-prod-opimedia.opisto.s3.eu-west-1.bso.st/Pictures/4672/2023_5/3998216-f01e7b0e5c71372d0f9eb0d6268668642c595408321f12d54cf1dc36a263068a.jpg,https://opisto-prod-opimedia.opisto.s3.eu-west-1.bso.st/Pictures/4672/2023_5/3998216-f01e7b0e5c71372d0f9eb0d6268668642c595408321f12d54cf1dc36a263068a_mtn.jpg,https://opisto-prod-opimedia.opisto.s3.eu-west-1.bso.st/Pictures/4672/2023_5/3998216-896067baf9871bdf1d0b50ec294014832cd0dc3e8f501daec3eaa1251ce76386_mtn.jpg,https://opisto-prod-opimedia.opisto.s3.eu-west-1.bso.st/Pictures/4672/2023_5/3998216-a505f3276c90aba1d30b6f766c1883aab211181c148b70d45e218c63a2cbba1c_mtn.jpg,https://opisto-prod-opimedia.opisto.s3.eu-west-1.bso.st/2015_7/Vehicule-RENAULT-MEGANE-SCENIC-I-PHASE-1--1-9-1999-21dc1aa5a256a038f2be774b08727e465dff074869118b6d2fcbc9b038ad5161.JPG,https://opisto-prod-opimedia.opisto.s3.eu-west-1.bso.st/2015_7/Vehicule-RENAULT-MEGANE-SCENIC-I-PHASE-1--1-9-1999-b1147c66863bd97db27c92c89a58a4e9844f6e8ac9c32efee6d35435318cbc6b.JPG,https://opisto-prod-opimedia.opisto.s3.eu-west-1.bso.st/2015_7/Vehicule-RENAULT-MEGANE-SCENIC-I-PHASE-1--1-9-1999-463c9425ac057a9f45bafd3ddf88f6270ac3480f1833649823e1968ac2511269.JPG",30.00,7701040712,1,1,208,1999
3998819,152,"https://opisto-prod-opimedia.opisto.s3.eu-west-1.bso.st/Pictures/4672/2022_12/3998819-fb2875258e1c81a486728a95c705854f0f4b2759dd04b49807b59c02653aea74.jpg,https://opisto-prod-opimedia.opisto.s3.eu-west-1.bso.st/Pictures/4672/2022_12/3998819-fb2875258e1c81a486728a95c705854f0f4b2759dd04b49807b59c02653aea74_mtn.jpg,https://opisto-prod-opimedia.opisto.s3.eu-west-1.bso.st/Pictures/4672/2022_12/3998819-3764a90c52966c24a2cacddd49f823d4eb217f1de3b3321e28240cfa4f0a0d0c_mtn.jpg,https://opisto-prod-opimedia.opisto.s3.eu-west-1.bso.st/Pictures/4672/2022_12/3998819-40ac549d70ae49db0728e23852e4ffc8c21375f5216f6604e7689c975af3005c_mtn.jpg,https://opisto-prod-opimedia.opisto.s3.eu-west-1.bso.st/Pictures/4672/2022_12/3998819-a5c2115dc44738895ff25303bc8a2d27c68cdc58229d1cc90cfa8cf4735acbba_mtn.jpg,https://opisto-prod-opimedia.opisto.s3.eu-west-1.bso.st/2015_7/Vehicule-OPEL-MERIVA-PHASE-2--1-2-2006-c5c9362e9e8ed0e463dd0aacbef62c50fc9881e18567d86b123ead53af0ac256.JPG,https://opisto-prod-opimedia.opisto.s3.eu-west-1.bso.st/2015_7/Vehicule-OPEL-MERIVA-PHASE-2--1-2-2006-3094f55978f3d387191c7bc6c18472e93967ab0426d1c2b2f838626ca2dfccfb.JPG,https://opisto-prod-opimedia.opisto.s3.eu-west-1.bso.st/2015_7/Vehicule-OPEL-MERIVA-PHASE-2--1-2-2006-adb28374207f6e27ddf5324cc041654dd5cec45259e2ea4e01e726bb05ed70f9.JPG,https://opisto-prod-opimedia.opisto.s3.eu-west-1.bso.st/2015_7/Vehicule-OPEL-MERIVA-PHASE-2--1-2-2006-4eec7df73dd3d53d492f411f0d52ccd57b93776fa9b43b5e8247eb024c63b3dc.JPG,https://opisto-prod-opimedia.opisto.s3.eu-west-1.bso.st/2015_7/Vehicule-OPEL-MERIVA-PHASE-2--1-2-2006-03892f85f467b283ed774ae3c02b8af01abba80207b7e968056a37c4cadc4115.JPG",30.00,93187879,1,1,170,2006
3998835,604,"https://opisto-prod-opimedia.opisto.s3.eu-west-1.bso.st/Pictures/4672/2022_12/3998835-e8cc89b48fe0815ae5448921d1a4388e8e4779c6f51ec729324308c8b8fd9bf2.jpg,https://opisto-prod-opimedia.opisto.s3.eu-west-1.bso.st/Pictures/4672/2022_12/3998835-e8cc89b48fe0815ae5448921d1a4388e8e4779c6f51ec729324308c8b8fd9bf2_mtn.jpg,https://opisto-prod-opimedia.opisto.s3.eu-west-1.bso.st/Pictures/4672/2022_12/3998835-6eedcae90dec9f81e32dce479e6f3a5eeda0b05668356adb17102af83f8ec7c7_mtn.jpg,https://opisto-prod-opimedia.opisto.s3.eu-west-1.bso.st/2015_7/Vehicule-OPEL-MERIVA-PHASE-2--1-2-2006-c5c9362e9e8ed0e463dd0aacbef62c50fc9881e18567d86b123ead53af0ac256.JPG,https://opisto-prod-opimedia.opisto.s3.eu-west-1.bso.st/2015_7/Vehicule-OPEL-MERIVA-PHASE-2--1-2-2006-3094f55978f3d387191c7bc6c18472e93967ab0426d1c2b2f838626ca2dfccfb.JPG,https://opisto-prod-opimedia.opisto.s3.eu-west-1.bso.st/2015_7/Vehicule-OPEL-MERIVA-PHASE-2--1-2-2006-adb28374207f6e27ddf5324cc041654dd5cec45259e2ea4e01e726bb05ed70f9.JPG,https://opisto-prod-opimedia.opisto.s3.eu-west-1.bso.st/2015_7/Vehicule-OPEL-MERIVA-PHASE-2--1-2-2006-4eec7df73dd3d53d492f411f0d52ccd57b93776fa9b43b5e8247eb024c63b3dc.JPG,https://opisto-prod-opimedia.opisto.s3.eu-west-1.bso.st/2015_7/Vehicule-OPEL-MERIVA-PHASE-2--1-2-2006-03892f85f467b283ed774ae3c02b8af01abba80207b7e968056a37c4cadc4115.JPG",40.00,13148951,1,1,170,2006
3998863,1009,"https://opisto-prod-opimedia.opisto.s3.eu-west-1.bso.st/Pictures/4672/2024_5/3998863-1b5e87d31039e7149f9339593f0a62dd5d33d68bb78b46a699cd72c4cdd0c3aa.jpg,https://opisto-prod-opimedia.opisto.s3.eu-west-1.bso.st/Pictures/4672/2024_5/3998863-1b5e87d31039e7149f9339593f0a62dd5d33d68bb78b46a699cd72c4cdd0c3aa_mtn.jpg,https://opisto-prod-opimedia.opisto.s3.eu-west-1.bso.st/Pictures/4672/2024_5/3998863-cab8b77ab038800681ddc34adf7827ab8d44866393ea4764032bd0ed9c1239de_mtn.jpg,https://opisto-prod-opimedia.opisto.s3.eu-west-1.bso.st/Pictures/4672/2024_5/3998863-d2ca385752439b0b9e16282fc8dba2073a8d1c260c7550bf039f1658b2c86217_mtn.jpg,https://opisto-prod-opimedia.opisto.s3.eu-west-1.bso.st/Pictures/4672/2024_5/3998863-a88d01486ac85623a3a05308d74a0e2ff66e66a5b9103a90c2287cc743ba6c62_mtn.jpg,https://opisto-prod-opimedia.opisto.s3.eu-west-1.bso.st/Pictures/4672/2024_5/3998863-7a6d607ba7da61ef14b4d3c90eb86f91c52843adcb047160e4b1466d815a5f9b_mtn.jpg,https://opisto-prod-opimedia.opisto.s3.eu-west-1.bso.st/Pictures/4672/2024_5/3998863-6bd7079f50e46d401c43d63c1fff00da300f6031751d22ef2f7fbdb99f435f79_mtn.jpg,https://opisto-prod-opimedia.opisto.s3.eu-west-1.bso.st/2015_7/Vehicule-OPEL-MERIVA-PHASE-2--1-2-2006-c5c9362e9e8ed0e463dd0aacbef62c50fc9881e18567d86b123ead53af0ac256.JPG,https://opisto-prod-opimedia.opisto.s3.eu-west-1.bso.st/2015_7/Vehicule-OPEL-MERIVA-PHASE-2--1-2-2006-3094f55978f3d387191c7bc6c18472e93967ab0426d1c2b2f838626ca2dfccfb.JPG,https://opisto-prod-opimedia.opisto.s3.eu-west-1.bso.st/2015_7/Vehicule-OPEL-MERIVA-PHASE-2--1-2-2006-adb28374207f6e27ddf5324cc041654dd5cec45259e2ea4e01e726bb05ed70f9.JPG,https://opisto-prod-opimedia.opisto.s3.eu-west-1.bso.st/2015_7/Vehicule-OPEL-MERIVA-PHASE-2--1-2-2006-4eec7df73dd3d53d492f411f0d52ccd57b93776fa9b43b5e8247eb024c63b3dc.JPG,https://opisto-prod-opimedia.opisto.s3.eu-west-1.bso.st/2015_7/Vehicule-OPEL-MERIVA-PHASE-2--1-2-2006-03892f85f467b283ed774ae3c02b8af01abba80207b7e968056a37c4cadc4115.JPG",50.00,NT,1,1,170,2006
4004364,136,"https://opisto-prod-opimedia.opisto.s3.eu-west-1.bso.st/Pictures/4672/2024_4/4004364-40212e1438d7dae81e79f437c3e62c8be2d3c621e1c70eaa9cd9a14ea168da5a.jpg,https://opisto-prod-opimedia.opisto.s3.eu-west-1.bso.st/Pictures/4672/2024_4/4004364-40212e1438d7dae81e79f437c3e62c8be2d3c621e1c70eaa9cd9a14ea168da5a_mtn.jpg,https://opisto-prod-opimedia.opisto.s3.eu-west-1.bso.st/Pictures/4672/2024_4/4004364-a3b5eba81518f6fba3507e79f767bfc0f6ab02a2a272cea7b9850b791d48bc50_mtn.jpg,https://opisto-prod-opimedia.opisto.s3.eu-west-1.bso.st/Pictures/4672/2024_4/4004364-6eceff453f9db6e3ff8d88593cfa14bd55599d3690bb2071fc9c76f7e83433e2_mtn.jpg,https://opisto-prod-opimedia.opisto.s3.eu-west-1.bso.st/Pictures/4672/2024_4/4004364-328d2e8ef2bc0b64c521495542369e7f92c03f0c299ca43fa0fa601e3374eca9_mtn.jpg,https://opisto-prod-opimedia.opisto.s3.eu-west-1.bso.st/Pictures/4672/2024_4/4004364-1ab2801473c02941ae2b6844e985dfa4d905f405fd52ac821ad66a88b592b4d5_mtn.jpg,https://opisto-prod-opimedia.opisto.s3.eu-west-1.bso.st/2015_7/Vehicule-VOLKSWAGEN-GOLF-III--1-4-1992-cd262403762374e2ac0e186acb4528ecd1417356374e949e1b277fa839feb5a1.JPG,https://opisto-prod-opimedia.opisto.s3.eu-west-1.bso.st/2015_7/Vehicule-VOLKSWAGEN-GOLF-III--1-4-1992-ce700c9fa7371a31d1386604000fce898a68888f44f47ff38fd55b16fb3124d0.JPG",30.00,1H6941017AN,1,1,61,1992
4022044,504,"https://opisto-prod-opimedia.opisto.s3.eu-west-1.bso.st/Pictures/4672/2020_2/Piece-Pare-choc-avant-RENAULT-LAGUNA-II-PHASE-1-Diesel-a48b06be4233e613f907c62297f3c8ce39f0fe16ce20ca4b8c02a3a077b884c2.jpg,https://opisto-prod-opimedia.opisto.s3.eu-west-1.bso.st/Pictures/4672/2020_2/Piece-Pare-choc-avant-RENAULT-LAGUNA-II-PHASE-1-Diesel-a48b06be4233e613f907c62297f3c8ce39f0fe16ce20ca4b8c02a3a077b884c2.jpg,https://opisto-prod-opimedia.opisto.s3.eu-west-1.bso.st/Pictures/4672/2018_7/Piece-Pare-choc-avant-RENAULT-LAGUNA-II-PHASE-1-Diesel-17ed2b399be25479b53c5484510dc8de11ab94e9d5a1d543fb3047ad637202e8.jpg,https://opisto-prod-opimedia.opisto.s3.eu-west-1.bso.st/Pictures/4672/2020_2/Piece-Pare-choc-avant-RENAULT-LAGUNA-II-PHASE-1-Diesel-60960308ec568f4e87e6fd54f12f1d34f0f96613de3504d9a64513b823d2fd8f.jpg,https://opisto-prod-opimedia.opisto.s3.eu-west-1.bso.st/Pictures/4672/2020_2/Piece-Pare-choc-avant-RENAULT-LAGUNA-II-PHASE-1-Diesel-7c56e6237a9b7969024db5c79fa93680e2639087ef7d4e3766b0c8dd58171129.jpg,https://opisto-prod-opimedia.opisto.s3.eu-west-1.bso.st/2015_6/b72982e899a4741347660f62358cfe0588cc48b9c837f765e08c877449ea8e6e.jpg,https://opisto-prod-opimedia.opisto.s3.eu-west-1.bso.st/2015_6/2422ffc5be5f629067e566d52aee9c7e3d0c7f83b5d0f6a9597570d22b9febe2.jpg,https://opisto-prod-opimedia.opisto.s3.eu-west-1.bso.st/2015_6/af7c93a008f071b1f5140e7d8a694a13366b73986522c4121f4f45e7c3438101.jpg,https://opisto-prod-opimedia.opisto.s3.eu-west-1.bso.st/2015_6/22a47aaa1b32ca688643dfdce0993b2b9de0b5e5315d5466553f06b81999d7e5.jpg",110.00,620107441S,1,1,1396,2003
